Product Name,Sales,Cost,Units,Total_Profit,Gross_Margin_%,Profit_per_Unit
Everlasting Gobstopper,130.0,26.0,13,104.0,80.0,8.0
Wonka Bar - Fudge Mallows,24890.4,8296.8,6914,16593.600000000002,66.66666666666667,2.4000000000000004
Wonka Bar - Milk Chocolate,26867.75,9424.38,8267,17443.370000000003,64.92307692307693,2.1100000000000003
Wonka Bar - Nutty Crunch Surprise,23574.95,6755.0,6755,16819.95,71.34670487106017,2.49
Wonka Bar - Triple Dazzle Caramel,28485.0,9874.8,7596,18610.2,65.33333333333333,2.45
Wonka Bar -Scrumdiddlyumptious,27874.8,8517.3,7743,19357.5,69.44444444444444,2.5
