Product Name,Sales,Cost,Units,Total_Profit,Gross_Margin_%,Profit_per_Unit
Fizzy Lifting Drinks,78.75,31.5,21,47.25,60.0,2.25
Fun Dip,12.0,7.2,8,4.8,40.0,0.6
Hair Toffee,76.5,17.0,17,59.5,77.77777777777779,3.5
Laffy Taffy,53.73,20.25,27,33.48,62.311557788944725,1.24
Nerds,15.0,8.0,10,7.0,46.666666666666664,0.7
SweeTARTS,61.5,32.8,41,28.7,46.666666666666664,0.7
