Division,Sales,Cost,Total_Profit,Units,Average_Margin_%,Profit_per_Unit
Chocolate,131692.9,42868.28,88824.62000000001,37275,67.44829827576126,2.3829542588866537
Other,9663.25,5329.8,4333.45,1242,44.8446433653274,3.4890901771336553
Sugar,427.48,142.75,284.73,137,66.60662487133902,2.0783211678832116
