Division,Average_Margin_%
Chocolate,67.44829827576126
Sugar,66.60662487133902
Other,44.8446433653274
