Division,Sales,Total_Profit,Profit_to_Revenue_%
Chocolate,131692.9,88824.62000000001,67.44829827576126
Other,9663.25,4333.45,44.8446433653274
Sugar,427.48,284.73,66.60662487133902
