Product Name,Sales,Cost,Units,Total_Profit,Gross_Margin_%,Profit_per_Unit,Cumulative_Profit,Cumulative_Profit_%
Wonka Bar -Scrumdiddlyumptious,27874.8,8517.3,7743,19357.5,69.44444444444444,2.5,19357.5,20.715881801487114
Wonka Bar - Triple Dazzle Caramel,28485.0,9874.8,7596,18610.2,65.33333333333333,2.45,37967.7,40.632023013009025
Wonka Bar - Milk Chocolate,26867.75,9424.38,8267,17443.370000000003,64.92307692307693,2.1100000000000003,55411.07,59.299453783491074
Wonka Bar - Nutty Crunch Surprise,23574.95,6755.0,6755,16819.95,71.34670487106017,2.49,72231.02,77.29971704615016
