Product Name,Sales,Cost,Total_Profit,Units,Cost_to_Sales_%,Gross_Margin_%
Fizzy Lifting Drinks,78.75,31.5,47.25,21,40.0,60.0
Fun Dip,12.0,7.2,4.8,8,60.0,40.0
Kazookles,1205.75,1113.0,92.75,371,92.3076923076923,7.6923076923076925
Lickable Wallpaper,7860.0,3930.0,3930.0,393,50.0,50.0
Nerds,15.0,8.0,7.0,10,53.333333333333336,46.666666666666664
SweeTARTS,61.5,32.8,28.7,41,53.333333333333336,46.666666666666664
Wonka Gum,597.5,286.8,310.7,478,48.00000000000001,52.0
